Sample_1_1	Sample_1_2	Sample_2_1	Sample_2_2	Sample_2_3	Sample_2_4	Sample_2_5
rs3013105	1	1	0	0	0	0	0
rs872222	NA	0	0	0	0	0	0
rs2076595	0	0	2	2	2	0	2
rs11203367	0	0	0	0	0	0	0
rs2296035	0	0	1	2	2	2	1
rs1142057	NA	NA	NA	NA	NA	NA	NA
rs1574106	0	0	2	1	1	1	1
rs17342512	0	2	1	1	1	1	1
rs1057925	2	1	0	0	0	0	0
rs1055055	1	1	1	2	0	0	0
rs1034268	0	0	NA	1	1	NA	1
rs2275276	0	0	2	2	1	1	1
rs3088379	0	0	1	2	1	1	1
rs482082	1	1	0	0	0	0	0
rs11161732	1	1	1	1	1	1	1
rs2391322	0	0	2	2	0	0	0
rs7514102	2	1	1	1	1	1	NA
rs910697	0	0	1	2	0	0	0
rs10801922	1	2	0	0	0	0	0
rs10754367	2	2	2	1	1	1	1
rs1344	1	0	1	1	1	1	1
rs2228099	NA	1	0	NA	0	0	0
rs843971	1	1	2	2	1	1	1
rs1051614	NA	1	2	NA	2	2	NA
rs2777962	NA	2	1	NA	NA	NA	NA
rs7522061	2	1	0	0	0	0	0
rs6679056	1	1	1	1	0	0	0
rs1418843	0	0	0	0	0	0	0
rs20563	2	2	0	0	0	0	0
rs1060060	2	1	2	2	0	0	0
rs2296158	2	1	1	1	1	1	1
rs11119314	1	1	2	2	0	0	0
rs4846382	1	1	2	1	0	0	0
rs2175594	2	1	1	1	1	1	1
rs2175593	2	2	1	1	1	1	1
rs869111	0	0	2	1	1	1	1
rs3811445	1	2	1	1	1	1	1
rs935172	1	0	1	2	0	0	2
rs3749142	1	0	0	0	0	0	0
rs10199088	0	0	0	0	0	0	0
rs10194657	1	1	1	1	1	1	1
rs3739014	1	0	1	1	1	1	1
rs11890430	0	0	0	0	0	0	0
rs4664475	1	1	2	1	1	1	1
rs2288110	2	0	1	1	1	1	1
rs17229201	1	1	1	1	1	1	1
rs1862066	1	1	2	2	1	1	1
rs9646748	1	1	1	1	NA	1	NA
rs4853575	2	0	0	0	0	0	0
rs2291101	1	2	0	0	0	0	0
rs3749380	0	0	2	2	2	2	0
rs6765537	NA	NA	NA	NA	NA	1	NA
rs7653834	0	0	2	2	1	1	2
rs3021408	0	0	2	1	1	1	1
rs3736563	0	0	0	0	0	0	0
rs2290134	0	0	0	0	0	0	0
rs1468542	2	2	2	2	2	1	2
rs1042073	2	2	2	2	2	1	0
rs3733045	NA	NA	NA	NA	NA	NA	NA
rs2289247	2	2	2	1	2	2	1
rs1042779	2	2	2	0	2	2	1
rs3774729	0	0	1	1	1	1	1
rs571391	1	1	2	2	1	2	1
rs9851180	2	1	1	1	1	1	1
rs2332285	2	1	1	1	1	1	1
rs4679323	1	1	1	1	1	1	1
rs8455	1	1	0	0	0	0	0
rs6788448	0	0	0	0	0	0	0
rs2301788	1	1	2	2	2	2	2
rs6554348	1	1	2	2	2	1	1
rs1371932	1	NA	1	1	1	NA	NA
rs931606	1	1	1	1	1	1	1
rs4698797	NA	NA	NA	NA	NA	NA	NA
rs309370	0	0	0	0	0	0	0
rs17610219	1	1	1	1	NA	NA	NA
rs3775588	1	2	2	1	2	2	2
rs12502935	0	0	0	0	0	0	0
rs13146272	NA	NA	NA	NA	NA	NA	NA
rs3736455	1	1	2	2	0	2	2
rs2302903	0	0	1	1	1	1	1
rs1063499	0	0	2	2	0	2	2
rs4865614	1	0	2	2	0	0	0
rs3761967	2	0	1	1	1	1	1
rs636926	0	0	2	2	NA	2	2
rs309559	2	NA	2	2	2	1	2
rs309557	2	NA	2	2	1	NA	1
rs26506	2	0	0	0	0	0	0
rs27529	0	0	1	1	1	1	1
rs1056893	1	1	1	2	1	1	1
rs8654	NA	NA	0	NA	NA	NA	NA
rs11205	NA	NA	NA	NA	NA	NA	NA
rs31517	0	0	1	1	2	0	0
rs164080	1	1	1	1	1	1	1
rs17704908	NA	2	NA	0	NA	0	NA
rs2304054	1	1	0	0	0	0	0
rs9324700	1	1	0	0	0	0	0
rs10036727	2	1	1	2	2	2	0
rs9791113	1	1	0	0	0	0	0
rs957998	1	1	0	0	0	0	0
rs315717	1	1	0	0	0	0	0
rs2241584	0	0	1	2	1	1	1
rs11953798	0	0	2	2	2	0	2
rs2067011	2	0	0	0	0	0	0
rs2645339	2	0	0	0	0	0	0
rs2276995	0	0	1	1	1	1	1
rs9467515	1	2	1	1	1	1	1
rs3130982	1	1	1	1	0	0	0
rs1046089	1	1	0	0	0	0	0
rs213199	2	2	0	0	0	0	0
rs1042044	1	1	2	2	1	1	1
rs1126476	1	1	2	1	1	1	1
rs7764439	2	1	2	2	1	1	1
rs9381594	1	1	1	1	1	1	1
rs2229384	2	2	2	2	0	0	0
rs1480615	1	1	2	1	0	2	0
rs9367359	2	2	1	2	0	0	0
rs4715227	2	2	2	2	1	1	1
rs974110	0	0	1	1	1	1	1
rs576516	NA	NA	2	NA	1	1	NA
rs311685	2	2	2	2	0	0	0
rs610913	1	1	1	2	0	0	0
rs2273621	2	1	0	0	0	0	0
rs8161	0	0	0	0	0	0	0
rs4645434	2	1	0	0	0	0	0
rs9397102	2	1	1	1	0	0	2
rs6913579	NA	NA	NA	NA	NA	NA	NA
rs1032141	1	1	2	2	0	0	0
rs2502601	2	2	1	1	1	1	1
rs7765803	2	2	0	0	0	0	0
rs14224	1	1	0	0	0	0	0
rs1553960	0	NA	0	0	0	0	0
rs5574	2	2	2	2	2	1	2
rs324981	NA	NA	NA	NA	NA	NA	NA
rs1132552	0	0	1	1	1	1	1
rs6978753	1	0	0	0	0	0	0
rs17548783	1	0	0	0	0	0	0
rs2240090	2	NA	2	0	2	2	NA
rs2072454	NA	NA	NA	NA	NA	NA	NA
rs3807068	2	0	0	0	0	0	0
rs3823646	1	NA	1	1	NA	1	1
rs6651125	0	0	2	2	0	0	0
rs2301963	2	2	1	1	1	1	1
rs2738100	0	0	0	0	0	0	0
rs2294140	2	1	0	0	0	0	0
rs532841	1	1	0	0	0	0	0
rs1800392	0	0	2	1	0	0	0
rs3735943	0	0	1	1	1	1	1
rs713113	0	0	1	2	1	1	2
rs1673408	2	2	1	1	1	1	1
rs1673404	2	2	1	1	1	1	1
rs4870723	0	0	2	2	2	2	1
rs7465584	2	2	2	1	2	2	2
rs853304	0	0	2	2	2	2	2
rs3735803	0	0	0	0	0	0	0
rs2173904	2	1	1	1	1	1	1
rs10975519	1	0	0	0	0	0	0
rs10756457	2	1	2	1	0	0	0
rs1539172	0	0	0	0	0	0	0
rs7022554	2	2	2	2	2	2	2
rs577993	1	1	1	2	2	2	2
rs557352	1	1	2	2	2	2	1
rs10992063	0	0	2	1	1	2	1
rs1572983	2	2	2	2	2	2	2
rs10820709	1	1	0	0	0	0	0
rs4560868	0	0	1	2	2	2	1
rs11552582	0	0	1	2	2	2	1
rs1411271	1	1	1	1	1	1	1
rs1536928	1	0	2	2	2	1	1
rs2243906	1	1	1	1	1	1	1
rs8176720	NA	2	0	0	0	0	NA
rs10904083	NA	NA	0	NA	NA	0	NA
rs4242746	1	0	1	1	1	1	1
rs625223	2	0	1	1	1	1	1
rs721917	2	0	2	1	1	1	1
rs701865	2	1	2	2	0	0	0
rs2986014	1	0	2	1	0	0	0
rs2306159	0	0	1	1	1	1	1
rs2901343	2	0	0	0	0	0	0
rs1891110	2	0	0	0	0	0	0
rs11245007	1	0	2	2	0	0	0
rs8473	2	0	2	2	1	1	1
rs5024041	1	0	2	1	0	2	0
rs4357719	2	1	0	0	0	0	0
rs1043388	0	0	1	1	1	1	1
rs2659871	0	0	2	2	1	1	1
rs901553	2	1	2	2	0	0	0
rs1493954	0	0	1	1	1	1	1
rs4757268	1	1	1	1	1	1	1
rs1048099	1	1	1	1	1	1	1
rs6483617	2	0	0	0	0	0	0
rs3924551	2	0	1	1	1	1	1
rs1064005	2	1	2	2	1	1	1
rs2076622	0	0	2	2	1	1	1
rs3740617	2	NA	1	1	1	1	1
rs2038602	1	1	0	0	0	0	0
rs1052373	0	0	2	1	2	0	2
rs950803	1	1	NA	1	NA	NA	NA
rs610037	1	1	1	2	0	0	2
rs1783596	1	1	1	1	1	1	1
rs4453265	2	1	1	1	1	1	1
rs597480	1	1	2	1	2	2	0
rs647912	1	1	NA	1	2	0	0
rs10791649	2	1	2	2	0	0	0
rs3088241	1	1	1	1	1	1	1
rs2230279	2	1	2	2	2	1	1
rs10849133	0	0	2	2	1	1	1
rs1048500	1	1	0	0	0	0	0
rs6332	0	NA	2	2	1	1	1
rs917634	0	0	1	1	1	1	1
rs2230372	1	1	1	1	0	0	0
rs10843438	2	2	2	2	0	0	0
rs10878245	1	1	1	2	2	2	2
rs3761863	1	NA	1	1	1	1	1
rs1056019	0	0	1	1	1	1	1
rs3741715	0	0	0	0	0	0	0
rs4430553	2	2	2	2	2	2	2
rs2305641	0	0	1	1	1	1	1
rs2764	2	1	1	1	1	1	1
rs25643	1	1	1	2	0	0	0
rs1798192	1	1	0	0	0	0	0
rs1059312	2	1	2	1	0	0	0
rs2277361	NA	NA	2	NA	NA	NA	NA
rs7486927	1	2	0	0	0	0	0
rs495680	NA	NA	1	NA	NA	1	1
rs6313	2	1	2	1	0	0	0
rs4942848	2	1	2	2	0	0	0
rs9568497	1	1	1	1	1	1	1
rs3803264	1	1	1	1	1	1	1
rs5351	1	1	2	2	0	0	0
rs9284174	0	0	2	2	0	0	0
rs661585	0	0	0	0	0	0	0
rs532625	0	0	2	2	1	1	1
rs1290177	1	1	2	1	1	1	1
rs9323534	1	1	1	1	1	1	1
rs12894405	0	0	0	0	0	0	0
rs1885097	NA	NA	NA	NA	NA	NA	NA
rs2229869	1	1	1	1	1	1	1
rs7161563	1	1	2	2	0	0	2
rs9323444	NA	NA	NA	NA	NA	NA	NA
rs1626923	0	0	1	2	0	0	2
rs229587	1	1	1	1	1	1	1
rs4902490	NA	1	2	2	0	2	0
rs11158685	2	2	1	1	1	1	1
rs3815550	1	1	2	2	1	1	1
rs2274736	0	0	1	1	1	1	1
rs2401751	0	0	1	1	1	1	1
rs10146731	2	2	1	1	1	1	1
rs1970912	1	2	0	0	0	0	0
rs4905082	1	1	1	2	0	0	2
rs1887197	1	1	2	2	2	0	2
rs8009219	1	1	1	1	1	1	1
rs4465542	NA	1	NA	1	2	1	2
rs2289818	2	2	1	1	1	1	1
rs1030389	NA	NA	NA	NA	NA	NA	NA
rs1200349	1	1	1	2	0	0	0
rs655427	1	NA	1	1	NA	NA	NA
rs532598	1	1	0	0	0	0	0
rs936227	0	0	1	1	1	1	1
rs7163689	1	1	1	1	1	1	1
rs8040868	2	1	1	1	0	0	0
rs10400906	NA	NA	2	NA	NA	NA	NA
rs4075254	1	1	1	2	1	1	1
rs4843075	1	1	1	2	1	1	1
rs4965613	2	1	0	0	0	0	0
rs12460	0	0	0	0	0	0	0
rs863980	1	1	1	1	1	1	1
rs363162	NA	NA	NA	NA	NA	NA	NA
rs2296408	NA	NA	1	1	1	NA	1
rs2296405	1	1	1	1	1	1	1
rs16973716	NA	NA	2	NA	NA	0	0
rs7193541	1	1	2	2	0	0	0
rs2303771	2	1	2	2	0	0	0
rs3809806	2	0	2	2	2	1	2
rs1126667	1	1	1	2	2	1	1
rs12449553	0	0	2	2	2	2	2
rs8077302	0	0	1	1	1	1	1
rs2159132	0	0	1	1	1	1	1
rs4393623	2	1	1	1	1	1	1
rs11567842	0	0	1	1	1	1	1
rs2586514	1	1	1	2	1	1	1
rs598126	1	1	2	2	1	1	1
rs1292053	1	1	2	2	2	2	NA
rs4968617	2	0	1	2	2	2	2
rs2070720	2	0	2	1	2	2	2
rs1026128	2	1	2	2	2	2	2
rs745143	2	1	2	2	2	2	2
rs581157	0	0	0	0	0	0	0
rs2066964	0	0	0	0	0	0	0
rs9916764	1	1	2	2	1	1	2
rs7233515	0	0	0	0	0	0	0
rs2586776	0	0	1	1	1	1	1
rs9958735	0	0	1	1	1	1	1
rs9944810	0	0	1	1	1	NA	NA
rs3826616	1	1	1	1	1	1	NA
rs2301810	1	1	2	1	0	0	2
rs1055919	2	1	0	0	0	0	0
rs2071347	2	2	1	1	1	1	1
rs966591	1	2	2	1	1	1	1
rs3764626	2	2	2	1	0	0	2
rs8105737	2	2	1	1	1	1	1
rs1076235	1	1	2	2	1	1	1
rs1469705	0	0	2	2	1	1	1
rs3848596	2	2	1	1	1	1	1
rs1811	0	0	1	1	1	1	1
rs2070132	1	1	0	0	0	0	0
rs892055	2	2	0	0	0	0	0
rs2228069	2	1	1	1	1	1	1
rs11083462	0	0	0	0	0	0	0
rs31726	2	2	1	1	1	1	1
rs3865452	2	2	2	2	1	1	1
rs2075803	2	2	1	1	1	1	1
rs2009362	1	2	1	1	2	1	1
rs3745871	2	2	0	0	0	0	0
rs395503	0	0	1	2	2	2	2
rs421810	0	0	1	2	2	2	1
rs10410631	1	2	1	1	1	1	1
rs1699233	2	1	1	1	2	2	1
rs10373	2	2	1	2	2	2	2
rs2567609	2	0	1	2	1	1	2
rs2567608	1	2	2	2	2	2	0
rs1615246	2	0	2	2	2	2	1
rs11780	0	0	2	2	2	2	1
rs1880898	2	0	1	1	1	1	1
rs2296241	1	2	1	1	1	1	1
rs1980576	0	0	1	2	2	2	1
rs2837225	1	2	0	0	0	0	0
rs220109	2	1	2	2	2	0	2
rs220159	0	0	1	1	1	1	1
rs2839470	NA	NA	NA	NA	NA	NA	NA
rs2070435	2	0	0	0	0	0	0
rs9605146	NA	NA	NA	NA	NA	NA	NA
rs12484060	1	1	0	0	0	0	0
rs2074739	2	0	1	1	1	1	1
rs5749426	1	1	1	1	1	1	1
